session_date,run_ts,symbol,model,suggested_notional_usd,data_ok,feature_date,ml_proba,momo_sig,meanrev_sig,signal,ind_rsi_2,ind_rsi_14,ind_ema20_z,ind_r_5,ind_r_20,ind_macd_hist,ind_adx_14,ind_sharpe_20,ind_%b,ind_vol_ratio,ind_atr_14,ind_close,target_weight,rank,note
2026-10-08,2026-10-08T14:45:32+00:00,HYG,xgboost,15575.74,True,2025-09-26T04:00:00+00:00,0.3779481053352356,0.0,0.1653151638091758,0.11572061466642306,52.6849345118602,58.94679603088847,-1.6531516380917581,-0.0022149321583858628,0.005627386716185123,-0.04066135887401723,31.21115088084389,2.5940450694979402,0.6152714692242526,0.9024499317569983,0.18217632452464588,76.08948516845703,0.15575742542696416,1,
2026-10-08,2026-10-08T14:45:32+00:00,XLV,xgboost,13841.52,True,2025-09-26T04:00:00+00:00,0.4770534038543701,0.04918800700794564,0.1258281483607452,0.10283610595490533,52.53836660849465,47.64356661015663,-1.258281483607452,-0.008524540960933025,-0.0022744802199841097,-0.35441892427101984,13.232637477446705,-0.17580124869272273,0.165573685300097,0.8335957892279824,1.4795099374738996,133.27296447753906,0.13841515749499483,2,
2026-10-08,2026-10-08T14:45:32+00:00,TLT,xgboost,12339.58,True,2025-09-26T04:00:00+00:00,0.5046204328536987,0.09930987791581584,0.088406409426908,0.09167744997358035,27.664617723111817,53.835671586242945,-0.8840640942690801,-0.0013478088319860415,0.023136700193653326,-0.14524651011149303,22.834845159881578,2.559577921606574,0.5094748147696231,0.7792310118592258,0.7143161292293668,84.6644058227539,0.12339584972613732,3,
2026-10-08,2026-10-08T14:45:32+00:00,SPY,xgboost,12266.1,True,2025-09-26T04:00:00+00:00,0.5664785504341125,0.21177918260747733,0.039425372251500855,0.0911315153582938,62.11993590938498,63.0473247757439,-0.3942537225150085,-0.00283259049059037,0.02270685373651582,-0.1907907596079017,27.42436712077279,3.678176561624825,0.7384795004690038,0.9096041197469935,5.018382313128841,654.756103515625,0.12266103363158395,4,
2026-10-08,2026-10-08T14:45:32+00:00,IWM,xgboost,12014.31,True,2025-09-26T04:00:00+00:00,0.4539082646369934,0.007105935703624358,0.12447001874120733,0.08926079382993245,54.820723345053025,59.27249040319021,-1.2447001874120733,-0.0067495245587400055,0.024572658451394336,-0.3614122776557025,32.34205270290024,2.120554502993631,0.6861624238590728,0.7086236219870954,3.47011539738135,238.9126434326172,0.12014308322328125,5,
2026-10-08,2026-10-08T14:45:32+00:00,XLP,xgboost,8201.6,True,2025-09-26T04:00:00+00:00,0.3911249339580536,0.0,0.08704874756720708,0.06093412329704495,39.02296194800218,37.06219942849017,-0.8704874756720707,-0.011149311185641997,-0.0219913937057562,-0.1360481479328206,17.269288272297107,-2.7795371146557213,0.09266446502067986,0.7863464253746156,0.7574609934450071,75.8776626586914,0.08201600201274048,6,
2026-10-08,2026-10-08T14:45:32+00:00,DIA,xgboost,6658.89,True,2025-09-26T04:00:00+00:00,0.48672789335250854,0.06677798791365187,0.042055816495111066,0.04947246792067331,68.66052206700242,61.397674845317574,-0.4205581649511107,-0.0014256427182280929,0.014910087962475504,-0.20544901578127428,35.3053831225964,2.3476360601913835,0.7878484590627447,0.8229019180376104,3.8257461647346074,455.5583190917969,0.06658886366145443,7,
2026-10-08,2026-10-08T14:45:32+00:00,XLY,xgboost,5047.79,True,2025-09-26T04:00:00+00:00,0.4366607666015625,0.0,0.05357536975675733,0.03750275882973013,65.90841450131074,59.03293323387613,-0.5357536975675733,-0.005208107220509239,0.02555114906158784,-0.21891430219055819,19.538384267152114,2.1523486711644515,0.6948075080041685,0.6860677454426465,1.4795007684199988,118.87890625,0.05047789608243419,8,
2026-10-08,2026-10-08T14:45:32+00:00,XLE,xgboost,3549.73,True,2025-09-26T04:00:00+00:00,0.49835023283958435,0.0879095142537897,0.0,0.02637285427613691,97.26456853808354,68.76268094444026,1.737193462707037,0.04806817885165349,0.03197992989477516,0.14167661305909662,21.607990660041292,2.3171808892314205,1.0903034727340153,1.2607078203148567,0.7197815579137526,44.719947814941406,0.03549728710872012,9,
2026-10-08,2026-10-08T14:45:32+00:00,QQQ,xgboost,3035.79,True,2025-09-26T04:00:00+00:00,0.4785167872905731,0.05184870416467838,0.009999842263709799,0.02255450083400037,55.41339841514435,64.17729261557442,-0.099998422637098,-0.004486551561693863,0.033931061042483446,0.3608686565722037,21.347958696323428,4.380816382661562,0.7409826004461503,0.9933387000076871,5.917617336856,593.1829223632812,0.030357866589465488,10,
2026-10-08,2026-10-08T14:45:32+00:00,XLF,xgboost,1494.07,True,2025-09-26T04:00:00+00:00,0.4254392981529236,0.0,0.01585751216101601,0.011100258512711207,73.61767073820991,56.633284504030975,-0.1585751216101601,-0.003920714035464012,0.0034783436093224207,-0.03611762796822132,22.398544872057663,0.43072506885779394,0.7027453890753935,0.8546406773491297,0.5609282450012022,53.023868560791016,0.014940706048766808,11,
2026-10-08,2026-10-08T14:45:32+00:00,BABA,xgboost,974.88,True,2025-09-26T04:00:00+00:00,0.14231254160404205,0.0,0.010347046104435586,0.007242932273104909,45.161974676168384,71.85394998511397,-0.10347046104435587,0.0558933400524515,0.43773522335171,1.2804695988464232,45.29410710626581,7.2837738188820955,0.8167585958307915,0.5583633982166115,5.798918631877691,170.34555053710938,0.009748828993456995,12,
2026-10-08,2026-10-08T14:45:32+00:00,XLK,xgboost,0.0,True,2025-09-26T04:00:00+00:00,0.44215524196624756,0.0,0.0,0.0,55.971120493124126,65.97200786913375,0.2901580264728351,0.0009978704682205297,0.04749120215342706,0.3220758286529566,23.034469432729527,4.170034760146431,0.7816981944222797,0.8464948590310106,1.8181622173850474,138.70851135253906,0.0,13,
